Rebbecca|Didio|"Brandt, Jonathan F Esq"|16031989|330949.2034|171 E 24th St|Leith|TAS|7315|0381749123|0458665290|rebbecca.didio@didio.com.au
Stevie|Hallo|Landrum Temporary Services|17081985|309558.5195|22222 Acoma St|Proston|QLD|4613|0799973366|0497622620|stevie.hallo@hotmail.com
Mariko|Stayer|"Inabinet, Macre Esq"|2061993|539508.372|534 Schoenborn St #51|Hamel|WA|6215|0855589019|0427885282|mariko_stayer@hotmail.com
Gerardo|Woodka|Morris Downing & Sherred|14051992|293515.5065|69206 Jackson Ave|Talmalmo|NSW|2640|0260444682|0443795912|gerardo_woodka@hotmail.com
Mayra|Bena|"Buelt, David L Esq"|20081973|395121.2553|808 Glen Cove Ave|Lane Cove|NSW|1595|0214556085|0453666885|mayra.bena@gmail.com
Idella|Scotland|Artesian Ice & Cold Storage Co|30011982|573376.9549|373 Lafayette St|Cartmeticup|WA|6316|0878681355|0451966921|idella@hotmail.com
Sherill|Klar|Midway Hotel|16061988|896019.7713|87 Sylvan Ave|Nyamup|WA|6258|0865228931|0427991688|sklar@hotmail.com
Ena|Desjardiws|"Selsor, Robert J Esq"|1121970|863933.7453|60562 Ky Rt 321|Bendick Murrell|NSW|2803|0252269402|0415961606|ena_desjardiws@desjardiws.com.au
Vince|Siena|Vincent J Petti & Co|12051979|756980.3256|70 S 18th Pl|Purrawunda|QLD|4356|0731849989|0411732965|vince_siena@yahoo.com
Theron|Jarding|"Prentiss, Paul F Esq "|29102000|382643.3563|8839 Ventura Blvd|Blanchetown|SA|5357|0868904661|0461862457|tjarding@hotmail.com
Amira|Chudej|Public Works Department|5021991|662504.8048|3684 N Wacker Dr|Rockside|QLD|4343|0781353271|0478867289|amira.chudej@chudej.net.au
Marica|Tarbor|Prudential Lighting Corp|2031976|377295.6853|68828 S 32nd St #6|Rosegarland|TAS|7140|0311746817|0494982617|marica.tarbor@hotmail.com
Shawna|Albrough|"Wood, J Scott Esq"|9091991|872846.5303|43157 Cypress St|Ringwood|QLD|4343|0779776039|0441255802|shawna.albrough@albrough.com.au
Paulina|Maker|Swanson Peterson Fnrl Home Inc|30011975|106347.0219|6 S Hanover Ave|Maylands|WA|6931|0883448929|0420123282|paulina_maker@maker.net.au
Rose|Jebb|Old Cider Mill Grove|10051978|924540.6832|27916 Tarrytown Rd|Wooloowin|QLD|4030|0749419471|0496441929|rose@jebb.net.au
Reita|Tabar|Cooper Myers Y Co|1062000|721329.1856|79620 Timber Dr|Arthurville|NSW|2820|0235187078|0431669863|rtabar@hotmail.com
Maybelle|Bewley|Angelo International|25101976|705286.1727|387 Airway Cir #62|Mapleton|QLD|4560|0793877293|0448221640|mbewley@yahoo.com
Camellia|Pylant |"Blackley, William J Pa "|2021980|430772.3952|570 W Pine St|Tuggerawong|NSW|2259|0251714345|0423446913|camellia_pylant@gmail.com
Roy|Nybo|Phoenix Phototype|19051986|912062.7842|823 Fishers Ln|Red Hill|ACT|2603|0253117778|0416394795|rnybo@nybo.net.au
Albert|Sonier|Quartzite Processing Inc|28091973|719546.6286|4 Brookcrest Dr #7786|Inverlaw|QLD|4610|0793542612|0420575355|albert.sonier@gmail.com
Hayley|Taghon|Biltmore Textile Co Inc|24031973|844325.6184|72 Wyoming Ave|Eugowra|NSW|2806|0216384380|0491976291|htaghon@taghon.net.au
Norah|Daleo |Gateway Refrigeration|18121982|398686.3693|754 Sammis Ave|Kotara Fair|NSW|2289|0253226127|0462327613|ndaleo@daleo.net.au
Rosina|Sidhu|Anchorage Yamaha|25081970|314906.1905|660 N Green St|Burpengary|QLD|4505|0764604488|0458753924|rosina_sidhu@gmail.com
Royal|Costeira|Wynns Precision Inc Az Div|24032000|448597.9652|970 Waterloo Rd|Ellis Beach|QLD|4879|0753386357|0480443612|royal_costeira@costeira.com.au
Barrie|Nicley|Paragon Cable Tv|12101970|908497.6703|4129 Abbott Dr|Fish Creek|VIC|3959|0364432786|0455270505|bnicley@nicley.com.au
Linsey|Gedman|Eagle Computer Services Inc|11021979|316688.7475|1529 Prince Rodgers Ave|Kennedy|QLD|4816|0747853781|0433965131|lgedman@gedman.net.au
Laura|Bourbonnais|Kansas Association Ins Agtts|10121990|115259.8069|2 N Valley Mills Dr|Cape Portland|TAS|7264|0365436688|0491455112|laura.bourbonnais@yahoo.com
Fanny|Stoneking|"Di Giacomo, Richard F Esq"|26101992|339861.9884|50968 Kurtz St #45|Warra|QLD|4411|0737219123|0465778983|fstoneking@hotmail.com
Kristian|Ellerbusch|"Butler, Frank B Esq"|28041994|216865.5557|71585 S Ayon Ave #9|Wanguri|NT|0810|0827481250|0442982316|kristian@yahoo.com
Gwen|Julye|Alphagraphics Printshops|26031996|780153.5665|8 Old County Rd #3|Alvie|VIC|3249|0370636734|0465547766|gjulye@hotmail.com
Ben|Majorga|Voyager Travel Service|14022001|851455.8464|13904 S 35th St|Wherrol Flat|NSW|2429|0281719051|0462648621|ben.majorga@hotmail.com
Trina|Oto|N Amer Plast & Chemls Co Inc|30102000|302428.2915|6149 Kapiolani Blvd #6|Placid Hills|QLD|4343|0711538567|0460377727|trina@oto.com.au
Emelda|Geffers|D L Downing General Contr Inc|14111969|833630.2764|95431 34th Ave #62|Nedlands|WA|6909|0870973947|0454643433|emelda.geffers@gmail.com
Zana|Ploszaj|Community Insurance Agy Inc|13071986|855020.9604|25 Swift Ave|Auchenflower|QLD|4066|0779918880|0430656502|zana_ploszaj@ploszaj.net.au
Shaun|Rael|House Of Ing|17101969|152693.5038|14304 Old Alexandria Ferry Rd|Buninyong|VIC|3357|0389985485|0498627281|shaun.rael@rael.com.au
Oren|Lobosco|Vei Inc|18081968|733807.0846|1585 Salem Church Rd #59|Dangar Island|NSW|2083|0250461307|0495838492|olobosco@hotmail.com
Catherin|Aguele|"Hanna, Robert J Esq"|15041969|591202.5249|75962 E Drinker St|Sunny Nook|QLD|4605|0764761399|0444150950|caguele@gmail.com
Pearlene|Boudrie|Design Rite Homes Inc|21021974|489596.7761|8978 W Henrietta Rd|Minden|QLD|4311|0744637223|0462627260|pboudrie@boudrie.net.au
Kathryn|Bonalumi|State Library|18031971|191909.7577|86 Worth St #272|Tibradden|WA|6532|0830712258|0455699311|kathryn.bonalumi@yahoo.com
Suzan|Landa|Vista Grande Baptist Church|27042001|320253.8615|15 Campville Rd #191|Clermont|QLD|4721|0715761412|0471251939|suzan.landa@gmail.com
Sommer|Agar|Poole Publications Inc|14041977|184779.5297|3 N Ridge Ave|Kadina|SA|5554|0891303372|0486599199|sagar@agar.net.au
Keena|Rebich|Affilated Consulting Group Inc|20011968|441467.7372|3713 Poway Rd|Sawtell|NSW|2452|0249723570|0468708802|krebich@rebich.net.au
Rupert|Hinkson|Northwestern Mutual Life Ins|2072001|528813.03|1 E 17th St|East Gosford|NSW|2250|0271602066|0489430358|rupert_hinkson@hinkson.net.au
Aleta|Poarch|Barrett Burke Wilson Castl|1011989|701721.0587|5 Liberty Ave|Fosterville|VIC|3557|0326911298|0419138629|apoarch@gmail.com
Jamal|Korczynski|Helricks Inc|8031987|532378.144|404 Broxton Ave|Bateau Bay|NSW|2261|0238779654|0427970674|jamal_korczynski@gmail.com
Luz|Broccoli|"Wynn, Mary Ellen Esq"|20071969|792631.4655|4 S Main St #285|Glenmoral|QLD|4719|0726791774|0416525908|luz_broccoli@hotmail.com
Janessa|Ruthers|Mackraft Signs|28101973|696373.3877|1255 W Passaic St #1553|Bolivia|NSW|2372|0223676845|0410358989|janessa@yahoo.com
Lavonne|Esco|Ansaring Answering Service|21011975|760545.4396|377 Excalibur Dr|East Melbourne|VIC|3002|0334742120|0444359546|lavonne.esco@yahoo.com
Honey|Lymaster|Joiner & Goudeau Law Offices|23091987|512770.0171|7 Wilshire Blvd|Taringa|QLD|4068|0780872603|0411717109|honey_lymaster@lymaster.net.au
Jean|Cecchinato|"Cox, J Thomas Jr "|13011996|527030.473|7 Hugh Wallis Rd|Koolan Island|WA|6733|0852632786|0448530536|jean.cecchinato@gmail.com
Katlyn|Flitcroft|"Bill, Michael M"|29091979|493161.8901|7177 E 14th St|Maleny|QLD|4552|0717789968|0465519356|kflitcroft@hotmail.com
Cassie|Soros|A B C Tank Co|8012000|787283.7945|67765 W 11th St|Yelverton|WA|6280|0826666390|0423281356|csoros@gmail.com
Rolf|Gene|"Jolley, Mark A Cpa"|27051985|379078.2423|99968 Merced St #79|Flinders|NSW|2529|0244582810|0482882653|rolf_gene@gene.com.au
Darnell|Moothart|Melco Embroidery Systems|2041981|874629.0873|40 E 19th Ave|Empire Bay|NSW|2257|0239969188|0419656117|darnell_moothart@yahoo.com
Cherilyn|Fraize|Witchs Brew|25041997|436120.0662|84826 Plaza Dr|Rose Bay North|NSW|2030|0248731914|0468743337|cherilyn_fraize@fraize.net.au
Lynda|Lazzaro|Funding Equity Corp|10121983|455728.1932|20214 W Main St|Macks Creek|VIC|3971|0349334205|0472315303|lynda.lazzaro@gmail.com
Leigha|Capelli|Saturn Of Delray|19101998|691025.7167|8039 Howard Ave|East Toowoomba|QLD|4350|0748239785|0432580634|leigha.capelli@capelli.com.au
Delfina|Binnie|Motel 6|13081982|88521.45194|8 Austin Bluffs Pky|Bimbijy|WA|6472|0836925784|0460951322|delfina_binnie@binnie.net.au
Carlota|Gephardt|Ultimate In Womens Apparel The|19081996|223995.7837|96605 Pioneer Rd|Kundabung|NSW|2441|0250784389|0415230654|carlota.gephardt@gephardt.com.au
Alida|Helger|"Ballinger, Maria Chan Esq"|11061972|252516.6956|6 Hope Rd #10|Pinnacle|QLD|4741|0716423251|0412699567|alida@helger.com.au
Donte|Resureccion|N E Industrial Distr Inc|10061992|259646.9236|65898 E St Nw|Watsonville|QLD|4887|0723736048|0478459448|donte.resureccion@yahoo.com
Lou|Kriner|"Joondeph, Jerome J Esq"|4091985|268559.7086|39 Broad St|Seaforth|NSW|2092|0273283350|0496387592|lou.kriner@hotmail.com
Dortha|Vrieze|Art In Forms|17071978|127737.7059|654 Seguine Ave|White Hills|TAS|7258|0319816209|0430222319|dortha@vrieze.net.au
Genevive|Sanborn|Central Hudson Ent Corp|9041977|796196.5795|78 31st St|Bellangry|NSW|2446|0262465711|0431413930|genevive@hotmail.com
Alease|Strawbridge|"Marscher, William F Iii"|9101999|660722.2478|35673 Annapolis Rd #190|Ascot|QLD|4359|0737601546|0497868525|alease_strawbridge@strawbridge.com.au
Veda|Mishkin|"Smith, Sean O Esq"|1051971|680330.3747|98247 Russell Blvd|Stafford Heights|QLD|4053|0760342422|0474823917|veda.mishkin@mishkin.com.au
Craig|Vandersloot|Maverik Country Stores Inc|3061986|428989.8382|3 S Willow St #82|Bygalorie|NSW|2669|0254877528|0492408109|craig_vandersloot@yahoo.com
Lauran|Tovmasyan|United Christian Cmnty Crdt Un|14122000|830065.1624|199 Maple Ave|Boolaroo|NSW|2284|0225465344|0459680488|ltovmasyan@tovmasyan.net.au
Aaron|Kloska|"Radecker, H Philip Jr"|16021995|885324.4293|423 S Navajo St #56|Brookhill|QLD|4816|0798964827|0473600733|aaron_kloska@kloska.net.au
Francene|Skursky|"Cullen, Jack J Esq"|1121980|284602.7215|5 30w W #3083|Hillston|NSW|2675|0259413178|0485944417|francene.skursky@skursky.net.au
Zena|Daria|Kszl Am Radio|9111998|209735.3277|57245 W Union Blvd #25|Ivanhoe East|VIC|3079|0328228156|0466820981|zdaria@gmail.com
Brigette|Breckenstein|"Blewett, Yvonne S"|28071977|878194.2013|971 Northwest Blvd|Caniambo|VIC|3630|0357223451|0462308800|brigette@breckenstein.com.au
Jeniffer|Jezek|Sheraton Inn Atlanta Northwest|29011995|764110.5536|1089 Pacific Coast Hwy|Myrniong|VIC|3341|0332685102|0493644827|jeniffer@gmail.com
Selma|Elm|"Preston, Anne M Esq"|12111994|332731.7604|6787 Emerson St|Woolamai|VIC|3995|0391839493|0418581770|selm@elm.net.au
Elenora|Handler|A & A Custom Rubber Stamps|12051986|402251.4833|8 Middletown Blvd #708|Wardering|WA|6311|0856713318|0481367908|ehandler@yahoo.com
Nadine|Okojie|"Hirsch, Walter W Esq"|10011974|771240.7815|56 Tank Farm Rd|Kukerin|WA|6352|0897462341|0424801736|nadine.okojie@okojie.com.au
Kristin|Shiflet|"Jones, Peter B Esq"|4031988|655374.5768|503 Fulford Ave|Somers|VIC|3927|0345297210|0488223788|kristin@hotmail.com
Melinda|Fellhauer|Sterling Institute|12111975|740937.3126|8275 Calle De Industrias|Wayatinah|TAS|7140|0343873800|0493258647|melinda_fellhauer@fellhauer.com.au
Kirby|Litherland|Cross Western Store|31052001|307775.9625|92 South St|Alligator Creek|QLD|4740|0752843845|0480676186|kirby.litherland@hotmail.com
Kent|Ivans|Demer Normann Smith Ltd|16071989|304210.8485|56710 Euclid Ave|Camp Mountain|QLD|4520|0786614016|0429746524|kent_ivans@yahoo.com
Dan|Platz|Ny Stat Trial Lawyers Assn|3051982|580507.1829|5210 E Airy St #2|Brandy Creek|QLD|4800|0743061623|0441978907|dan_platz@hotmail.com
Millie|Pirkl|"Mann, Charles E Esq"|24112000|730241.9706|31 Schuyler Ave|Sovereign Hill|VIC|3350|0360232680|0410688713|millie_pirkl@gmail.com
Moira|Qadir|Airnetics Engineering Co|21041993|386208.4703|661 Plummer St #963|Arno Bay|SA|5603|0876874883|0471106909|moira.qadir@gmail.com
Reta|Qazi|American Pie Co Inc|5051991|762327.9966|1351 Simpson St|Maffra|VIC|3860|0319749948|0446105779|reta.qazi@yahoo.com
Brittney|Lolley|Brown Chiropractic|16081984|910280.2273|2391 Pacific Blvd|Ulverstone|TAS|7315|0340727094|0451120660|brittney@lolley.net.au
Leandro|Bolka|Classic Video Duplication Inc|10081993|175866.7448|1886 2nd Ave|Wattle Hill|TAS|7172|0381574609|0413530467|leandro_bolka@hotmail.com
Edison|Sumera|Mcclier Corp|20052000|559116.499|52404 S Clinton Ave|Bower|SA|5374|0891141763|0463377181|edison.sumera@sumera.net.au
Breana|Cassi|Gormley Lore Murphy|9081980|457510.7502|405 W Lee St|Stonehaven|VIC|3221|0323058627|0495644883|breana@yahoo.com
Jarvis|Nicols|Thudium Mail Advg Company|9081997|648244.3488|5656 N Fiesta Blvd|East Newdegate|WA|6355|0821175217|0436246951|jarvis@gmail.com
Felicitas|Orlinski|Jen E Distributing Co|16081979|443250.2942|9 Beverly Rd #5|Emerald|VIC|3782|0324511896|0444326506|felicitas_orlinski@orlinski.com.au
Geraldine|Neisius|Re/max Realty Services|21011976|273907.3796|96 Armitage Ave|Katunga|VIC|3640|0382432999|0440707817|geraldine@gmail.com
Alfred|Pacleb|Roundys Pole Fence Co|12101999|794414.0225|523 N Prince St|Willunga|SA|5172|0894507978|0453896533|alfred@pacleb.net.au
Leatha|Block|Chadds Ford Winery|27091990|81391.22396|6926 Orange Ave|Two Rocks|WA|6037|0876358350|0445211162|leatha_block@gmail.com
Jacquelyne|Rosso|"Barragar, Anne L Esq"|17021996|890672.1003|6940 Prospect Pl|Caldwell|NSW|2710|0245656425|0464763350|jacquelyne.rosso@yahoo.com
Jonelle|Epps|Kvoo Radio|6041990|109912.1359|52347 San Fernando Rd|Coppabella|QLD|4741|0780858351|0461339731|jepps@hotmail.com
Rosamond|Amlin|"Donovan, William P Esq"|17121970|838977.9474|5399 Mcwhorter Rd|Calala|NSW|2340|0280075034|0438251615|rosamond.amlin@gmail.com
Johnson|Mcenery|Overseas General Business Co|11011979|708851.2867|7 Hall St|Nambucca Heads|NSW|2448|0217184983|0446721262|johnson@gmail.com
Elliot|Scatton|Nilad Machining|15082000|694590.8307|5 W Allen St|Mccullys Gap|NSW|2333|0236479507|0481878290|elliot.scatton@hotmail.com
Gerri|Perra|"Byrne, Beth Hobbs"|6091989|193692.3147|15126 Goldenwest St|Toowoomba South|QLD|4350|0760197861|0416887937|gerri@yahoo.com
Rosendo|Jelsma|"Dileo, Lucille A Esq"|23061988|899584.8853|94 I 55s S|Applecross|WA|6953|0877124785|0477239199|rosendo_jelsma@hotmail.com